标题,章节名,链接
çå¢ç¬è®°1ä¸æé²çå®«,[2012-5-19 3:3:52] ä¸æé²ç ç¬¬ä¸ç«  è¡å°¸,http://seputu.com/biji1/1.html
çå¢ç¬è®°1ä¸æé²çå®«,[2012-5-19 3:5:22] ä¸æé²ç ç¬¬äºç«  äºåå¹´å,http://seputu.com/biji1/2.html
çå¢ç¬è®°1ä¸æé²çå®«,[2012-5-19 3:6:15] ä¸æé²ç ç¬¬ä¸ç«  çå­åº,http://seputu.com/biji1/3.html
çå¢ç¬è®°1ä¸æé²çå®«,[2012-5-19 3:30:57] ä¸æé²ç ç¬¬åç«  å°¸æ´,http://seputu.com/biji1/4.html
çå¢ç¬è®°1ä¸æé²çå®«,[2012-5-19 4:52:12] ä¸æé²ç ç¬¬äºç«  æ°´å½±,http://seputu.com/biji1/5.html
çå¢ç¬è®°1ä¸æé²çå®«,[2012-5-19 4:53:14] ä¸æé²ç ç¬¬å­ç«  ç§¯å°¸å°,http://seputu.com/biji1/6.html
çå¢ç¬è®°1ä¸æé²çå®«,[2012-5-22 14:42:52] ä¸æé²ç ç¬¬ä¸ç«  ä¸ç¾å¤ä¸ªäººå¤´,http://seputu.com/biji1/7.html
çå¢ç¬è®°1ä¸æé²çå®«,[2012-5-22 14:43:24] ä¸æé²ç ç¬¬å«ç«  å±±è°·,http://seputu.com/biji1/8.html
çå¢ç¬è®°1ä¸æé²çå®«,[2012-5-22 14:44:0] ä¸æé²ç ç¬¬ä¹ç«  å¤å¢,http://seputu.com/biji1/9.html
çå¢ç¬è®°1ä¸æé²çå®«,[2012-5-22 14:44:35] ä¸æé²ç ç¬¬åç«  å½±å­,http://seputu.com/biji1/10.html
çå¢ç¬è®°1ä¸æé²çå®«,[2012-5-22 14:45:8] ä¸æé²ç ç¬¬åä¸ç«  ä¸ææ£º,http://seputu.com/biji1/11.html
çå¢ç¬è®°1ä¸æé²çå®«,[2012-5-22 14:45:44] ä¸æé²ç ç¬¬åäºç«  é¨,http://seputu.com/biji1/12.html
çå¢ç¬è®°2ç§¦å²­ç¥æ ,[2012-5-22 21:10:2] ç§¦å²­ç¥æ ç¯ ç¬¬ä¸ç«  èçåºç±,http://seputu.com/biji2/76.html
çå¢ç¬è®°2ç§¦å²­ç¥æ ,[2012-5-22 21:10:49] ç§¦å²­ç¥æ ç¯ ç¬¬äºç«  å­è§éé,http://seputu.com/biji2/77.html
çå¢ç¬è®°2ç§¦å²­ç¥æ ,[2012-5-22 21:11:23] ç§¦å²­ç¥æ ç¯ ç¬¬ä¸ç«  è·è¸ª,http://seputu.com/biji2/78.html
çå¢ç¬è®°2ç§¦å²­ç¥æ ,[2012-5-22 21:11:57] ç§¦å²­ç¥æ ç¯ ç¬¬åç«  ç»§ç»­è·è¸ª,http://seputu.com/biji2/79.html
çå¢ç¬è®°2ç§¦å²­ç¥æ ,[2012-5-22 21:12:38] ç§¦å²­ç¥æ ç¯ ç¬¬äºç«  å·å¬,http://seputu.com/biji2/80.html
çå¢ç¬è®°2ç§¦å²­ç¥æ ,[2012-5-22 21:13:23] ç§¦å²­ç¥æ ç¯ ç¬¬å­ç«  ææ,http://seputu.com/biji2/81.html
çå¢ç¬è®°2ç§¦å²­ç¥æ ,[2012-5-22 21:13:53] ç§¦å²­ç¥æ ç¯ ç¬¬ä¸ç«  å¤¹å­æ²,http://seputu.com/biji2/82.html
çå¢ç¬è®°2ç§¦å²­ç¥æ ,[2012-5-22 21:14:25] ç§¦å²­ç¥æ ç¯ ç¬¬å«ç«  ç´å­,http://seputu.com/biji2/83.html
çå¢ç¬è®°2ç§¦å²­ç¥æ ,[2012-5-22 21:15:3] ç§¦å²­ç¥æ ç¯ ç¬¬ä¹ç«  ç³äºº,http://seputu.com/biji2/84.html
çå¢ç¬è®°2ç§¦å²­ç¥æ ,[2012-5-22 21:15:37] ç§¦å²­ç¥æ ç¯ ç¬¬åç«  å²ç½é²,http://seputu.com/biji2/85.html
çå¢ç¬è®°2ç§¦å²­ç¥æ ,[2012-5-22 21:16:25] ç§¦å²­ç¥æ ç¯ ç¬¬åä¸ç«  äººå¤´,http://seputu.com/biji2/86.html
çå¢ç¬è®°2ç§¦å²­ç¥æ ,[2012-5-22 21:17:0] ç§¦å²­ç¥æ ç¯ ç¬¬åäºç«  å°ä¸æ²³,http://seputu.com/biji2/87.html
çå¢ç¬è®°3äºé¡¶å¤©å®«,[2012-5-22 22:34:12] äºé¡¶å¤©å®«ï¼ä¸ï¼ ç¬¬ä¸ç«  äºå£éªå±±,http://seputu.com/biji3/131.html
çå¢ç¬è®°3äºé¡¶å¤©å®«,[2012-5-22 22:35:27] äºé¡¶å¤©å®«ï¼ä¸ï¼ ç¬¬äºç«  èªæè¡ä¸º,http://seputu.com/biji3/132.html
çå¢ç¬è®°3äºé¡¶å¤©å®«,[2012-5-22 22:36:45] äºé¡¶å¤©å®«ï¼ä¸ï¼ ç¬¬ä¸ç«  éªå´©,http://seputu.com/biji3/133.html
çå¢ç¬è®°3äºé¡¶å¤©å®«,[2012-5-22 22:37:46] äºé¡¶å¤©å®«ï¼ä¸ï¼ ç¬¬åç«  æä»è,http://seputu.com/biji3/134.html
çå¢ç¬è®°3äºé¡¶å¤©å®«,[2012-5-22 22:38:48] äºé¡¶å¤©å®«ï¼ä¸ï¼ ç¬¬äºç«  èæ´çµå®«,http://seputu.com/biji3/135.html
çå¢ç¬è®°3äºé¡¶å¤©å®«,[2012-5-22 22:42:49] äºé¡¶å¤©å®«ï¼ä¸ï¼ ç¬¬å­ç«  çµå®«å¤§æ®¿,http://seputu.com/biji3/136.html
çå¢ç¬è®°3äºé¡¶å¤©å®«,[2012-5-22 22:43:55] äºé¡¶å¤©å®«ï¼ä¸ï¼ ç¬¬ä¸ç«  åå¼,http://seputu.com/biji3/137.html
çå¢ç¬è®°3äºé¡¶å¤©å®«,[2012-5-22 22:44:42] äºé¡¶å¤©å®«ï¼ä¸ï¼ ç¬¬å«ç«  éªå¨,http://seputu.com/biji3/138.html
çå¢ç¬è®°3äºé¡¶å¤©å®«,[2012-5-22 22:45:28] äºé¡¶å¤©å®«ï¼ä¸ï¼ ç¬¬ä¹ç«  å¢ä¸²å­,http://seputu.com/biji3/139.html
çå¢ç¬è®°3äºé¡¶å¤©å®«,[2012-5-22 22:46:21] äºé¡¶å¤©å®«ï¼ä¸ï¼ ç¬¬åç«  ç¾è¶³é¾ç¥,http://seputu.com/biji3/140.html
çå¢ç¬è®°3äºé¡¶å¤©å®«,[2012-5-22 22:47:19] äºé¡¶å¤©å®«ï¼ä¸ï¼ ç¬¬åä¸ç«  å¤¹å±,http://seputu.com/biji3/141.html
çå¢ç¬è®°3äºé¡¶å¤©å®«,[2012-5-22 22:48:13] äºé¡¶å¤©å®«ï¼ä¸ï¼ ç¬¬åäºç«  èå°¸é,http://seputu.com/biji3/142.html
çå¢ç¬è®°4èæ²¼é¬¼å,[2012-5-22 23:20:9] èæ²¼é¬¼åï¼ä¸ï¼ ç¬¬ä¹ç«  å½åå¸¦,http://seputu.com/biji4/185.html
çå¢ç¬è®°4èæ²¼é¬¼å,[2012-5-22 23:20:50] èæ²¼é¬¼åï¼ä¸ï¼ ç¬¬åç«  è£å¾·è,http://seputu.com/biji4/186.html
çå¢ç¬è®°4èæ²¼é¬¼å,[2012-5-22 23:21:20] èæ²¼é¬¼åï¼ä¸ï¼ ç¬¬åä¸ç«  ééçä¸¹ç,http://seputu.com/biji4/187.html
çå¢ç¬è®°4èæ²¼é¬¼å,[2012-5-22 23:21:48] èæ²¼é¬¼åï¼ä¸ï¼ ç¬¬åäºç«  æç,http://seputu.com/biji4/188.html
çå¢ç¬è®°4èæ²¼é¬¼å,[2012-5-22 23:29:8] èæ²¼é¬¼åï¼ä¸ï¼ ç¬¬åä¸ç«  è¥¿æ²ççç¸,http://seputu.com/biji4/189.html
çå¢ç¬è®°4èæ²¼é¬¼å,[2012-5-22 23:29:42] èæ²¼é¬¼åï¼ä¸ï¼ ç¬¬ååç«  æ·±æµ·,http://seputu.com/biji4/190.html
çå¢ç¬è®°4èæ²¼é¬¼å,[2012-5-22 23:30:20] èæ²¼é¬¼åï¼ä¸ï¼ ç¬¬åäºç«  æµ®å°¸,http://seputu.com/biji4/191.html
çå¢ç¬è®°4èæ²¼é¬¼å,[2012-5-22 23:31:0] èæ²¼é¬¼åï¼ä¸ï¼ ç¬¬åå­ç«  æ²è¹,http://seputu.com/biji4/192.html
çå¢ç¬è®°4èæ²¼é¬¼å,[2012-5-22 23:31:29] èæ²¼é¬¼åï¼ä¸ï¼ ç¬¬åä¸ç«  å¨å­æ£º,http://seputu.com/biji4/193.html
çå¢ç¬è®°4èæ²¼é¬¼å,[2012-5-22 23:32:13] èæ²¼é¬¼åï¼ä¸ï¼ ç¬¬åå«ç«  å°¿,http://seputu.com/biji4/194.html
çå¢ç¬è®°4èæ²¼é¬¼å,[2012-5-22 23:32:47] èæ²¼é¬¼åï¼ä¸ï¼ ç¬¬åä¹ç«  æºå³,http://seputu.com/biji4/195.html
çå¢ç¬è®°4èæ²¼é¬¼å,[2012-5-22 23:33:39] èæ²¼é¬¼åï¼ä¸ï¼ ç¬¬äºåç«  è«è,http://seputu.com/biji4/196.html
çå¢ç¬è®°5è°æµ·å½å·¢,[2012-5-23 15:21:20] èæ²¼é¬¼åï¼ä¸ï¼ ç¬¬ä¸ç«  è¿½å»,http://seputu.com/biji5/252.html
çå¢ç¬è®°5è°æµ·å½å·¢,[2012-5-23 15:21:53] èæ²¼é¬¼åï¼ä¸ï¼ ç¬¬äºç«  æ¶å¤±äº,http://seputu.com/biji5/253.html
çå¢ç¬è®°5è°æµ·å½å·¢,[2012-5-23 15:22:59] èæ²¼é¬¼åï¼ä¸ï¼ ç¬¬ä¸ç«  ä¿¡å·ç,http://seputu.com/biji5/254.html
çå¢ç¬è®°5è°æµ·å½å·¢,[2012-5-23 15:23:28] èæ²¼é¬¼åï¼ä¸ï¼ ç¬¬åç«  æ å£°çå±±è°·,http://seputu.com/biji5/255.html
çå¢ç¬è®°5è°æµ·å½å·¢,[2012-5-23 15:24:26] èæ²¼é¬¼åï¼ä¸ï¼ ç¬¬äºç«  ç³å,http://seputu.com/biji5/256.html
çå¢ç¬è®°5è°æµ·å½å·¢,[2012-5-23 15:25:4] èæ²¼é¬¼åï¼ä¸ï¼ ç¬¬å­ç«  ç³åçæå,http://seputu.com/biji5/257.html
çå¢ç¬è®°5è°æµ·å½å·¢,[2012-5-23 15:25:33] èæ²¼é¬¼åï¼ä¸ï¼ ç¬¬ä¸ç«  ç ´è£,http://seputu.com/biji5/258.html
çå¢ç¬è®°5è°æµ·å½å·¢,[2012-5-23 15:26:6] èæ²¼é¬¼åï¼ä¸ï¼ ç¬¬å«ç«  ç¬¬ä¸å¤ï¼å¤§é¾,http://seputu.com/biji5/259.html
çå¢ç¬è®°5è°æµ·å½å·¢,[2012-5-23 15:26:37] èæ²¼é¬¼åï¼ä¸ï¼ ç¬¬ä¹ç«  ç¬¬ä¸å¤ï¼æé¾,http://seputu.com/biji5/260.html
çå¢ç¬è®°5è°æµ·å½å·¢,[2012-5-23 15:27:6] èæ²¼é¬¼åï¼ä¸ï¼ ç¬¬åç«  ç¬¬ä¸å¤ï¼ä¸æé¬¼å£°,http://seputu.com/biji5/261.html
çå¢ç¬è®°5è°æµ·å½å·¢,[2012-5-23 15:27:41] èæ²¼é¬¼åï¼ä¸ï¼ ç¬¬åä¸ç«  ç¬¬ä¸å¤ï¼é¼è¿,http://seputu.com/biji5/262.html
çå¢ç¬è®°5è°æµ·å½å·¢,[2012-5-23 15:28:8] èæ²¼é¬¼åï¼ä¸ï¼ ç¬¬åäºç«  ç¬¬ä¸å¤ï¼å·è¢­,http://seputu.com/biji5/263.html
çå¢ç¬è®°6é´å±±å¤æ¥¼,[2012-5-23 16:34:33] é´å±±å¤æ¥¼ ç¬¬ä¸ç«  èµ·æº,http://seputu.com/biji6/326.html
çå¢ç¬è®°6é´å±±å¤æ¥¼,[2012-5-23 16:35:38] é´å±±å¤æ¥¼ ç¬¬äºç«  å¤æªçæå­,http://seputu.com/biji6/327.html
çå¢ç¬è®°6é´å±±å¤æ¥¼,[2012-5-23 16:36:28] é´å±±å¤æ¥¼ ç¬¬ä¸ç«  ç«ç¾,http://seputu.com/biji6/328.html
çå¢ç¬è®°6é´å±±å¤æ¥¼,[2012-5-23 16:37:1] é´å±±å¤æ¥¼ ç¬¬åç«  åæ,http://seputu.com/biji6/329.html
çå¢ç¬è®°6é´å±±å¤æ¥¼,[2012-5-23 16:37:37] é´å±±å¤æ¥¼ ç¬¬äºç«  å·¡å±±,http://seputu.com/biji6/330.html
çå¢ç¬è®°6é´å±±å¤æ¥¼,[2012-5-23 16:38:12] é´å±±å¤æ¥¼ ç¬¬å­ç«  æ°´çå¤´æ²,http://seputu.com/biji6/331.html
çå¢ç¬è®°6é´å±±å¤æ¥¼,[2012-5-23 16:38:46] é´å±±å¤æ¥¼ ç¬¬ä¸ç«  å¤å,http://seputu.com/biji6/332.html
çå¢ç¬è®°6é´å±±å¤æ¥¼,[2012-5-23 16:39:21] é´å±±å¤æ¥¼ ç¬¬å«ç«  èå¤´,http://seputu.com/biji6/333.html
çå¢ç¬è®°6é´å±±å¤æ¥¼,[2012-5-23 16:40:5] é´å±±å¤æ¥¼ ç¬¬ä¹ç«  çé©¬èç¹,http://seputu.com/biji6/334.html
çå¢ç¬è®°6é´å±±å¤æ¥¼,[2012-5-23 16:40:44] é´å±±å¤æ¥¼ ç¬¬åç«  åä¸æ¥è°,http://seputu.com/biji6/335.html
çå¢ç¬è®°6é´å±±å¤æ¥¼,[2012-5-23 16:41:17] é´å±±å¤æ¥¼ ç¬¬åä¸ç«  å³é,http://seputu.com/biji6/336.html
çå¢ç¬è®°6é´å±±å¤æ¥¼,[2012-5-23 16:41:48] é´å±±å¤æ¥¼ ç¬¬åäºç«  çé©¬çåå¿,http://seputu.com/biji6/337.html
çå¢ç¬è®°7éç¬¼ç³å½±,[2012-5-23 17:57:15] çå¢ç¬è®°7 ç¬¬ä¸ç«  æå,http://seputu.com/biji7/388.html
çå¢ç¬è®°7éç¬¼ç³å½±,[2012-5-23 17:57:50] çå¢ç¬è®°7 ç¬¬äºç«  ééééï¼ä¸ï¼,http://seputu.com/biji7/389.html
çå¢ç¬è®°7éç¬¼ç³å½±,[2012-5-23 17:58:18] çå¢ç¬è®°7 ç¬¬äºç«  ééééï¼äºï¼,http://seputu.com/biji7/390.html
çå¢ç¬è®°7éç¬¼ç³å½±,[2012-5-23 17:58:42] çå¢ç¬è®°7 ç¬¬ä¸ç«  æ¶èçççå®´,http://seputu.com/biji7/391.html
çå¢ç¬è®°7éç¬¼ç³å½±,[2012-5-23 17:59:24] çå¢ç¬è®°7 ç¬¬åç«  åå¿ï¼ä¸ï¼,http://seputu.com/biji7/392.html
çå¢ç¬è®°7éç¬¼ç³å½±,[2012-5-23 17:59:56] çå¢ç¬è®°7 ç¬¬äºç«  åå¿ï¼ä¸ï¼,http://seputu.com/biji7/393.html
çå¢ç¬è®°7éç¬¼ç³å½±,[2012-5-23 18:1:11] çå¢ç¬è®°7 ç¬¬å­ç«  ç¹å¤©ç¯,http://seputu.com/biji7/394.html
çå¢ç¬è®°7éç¬¼ç³å½±,[2012-5-23 18:2:10] çå¢ç¬è®°7 ç¬¬ä¸ç«  å¤§é¹å¤©å®«,http://seputu.com/biji7/395.html
çå¢ç¬è®°7éç¬¼ç³å½±,[2012-5-23 18:2:42] çå¢ç¬è®°7 ç¬¬å«ç«  éç§ç§,http://seputu.com/biji7/396.html
çå¢ç¬è®°7éç¬¼ç³å½±,[2012-5-23 18:3:32] çå¢ç¬è®°7 ç¬¬ä¹ç«  æ ·å¼é·ï¼ä¸ï¼,http://seputu.com/biji7/397.html
çå¢ç¬è®°7éç¬¼ç³å½±,[2012-5-23 18:4:2] çå¢ç¬è®°7 ç¬¬åç«  å¥æªçå½¢å®¹,http://seputu.com/biji7/398.html
çå¢ç¬è®°7éç¬¼ç³å½±,[2012-5-23 18:4:29] çå¢ç¬è®°7 ç¬¬åä¸ç«  èå¤éãæ¥¼åéå­,http://seputu.com/biji7/399.html
çå¢ç¬è®°7éç¬¼ç³å½±,[2012-5-23 18:4:59] çå¢ç¬è®°7 ç¬¬åäºç«  ä¼¼æ¯æäººæ¥,http://seputu.com/biji7/400.html
çå¢ç¬è®°8å¤§ç»å±,[2012-5-23 18:44:44] çå¢ç¬è®°8 ç¬¬ä¸ç« ï¼ä¸ï¼,http://seputu.com/biji8/454.html
çå¢ç¬è®°8å¤§ç»å±,[2012-5-23 18:45:21] çå¢ç¬è®°8 ç¬¬ä¸ç« ï¼äºï¼,http://seputu.com/biji8/455.html
çå¢ç¬è®°8å¤§ç»å±,[2012-5-23 18:45:52] çå¢ç¬è®°8 ç¬¬äºç« ï¼ä¸ï¼,http://seputu.com/biji8/456.html
çå¢ç¬è®°8å¤§ç»å±,[2012-5-23 18:46:16] çå¢ç¬è®°8 ç¬¬äºç« ï¼äºï¼,http://seputu.com/biji8/457.html
çå¢ç¬è®°8å¤§ç»å±,[2012-5-23 18:47:5] çå¢ç¬è®°8 ç¬¬ä¸ç« ï¼ä¸ï¼,http://seputu.com/biji8/458.html
çå¢ç¬è®°8å¤§ç»å±,[2012-5-23 18:47:32] çå¢ç¬è®°8 ç¬¬ä¸ç« ï¼äºï¼,http://seputu.com/biji8/459.html
çå¢ç¬è®°8å¤§ç»å±,[2012-5-23 18:47:58] çå¢ç¬è®°8 ç¬¬åç« ï¼ä¸ï¼,http://seputu.com/biji8/460.html
çå¢ç¬è®°8å¤§ç»å±,[2012-5-23 18:48:58] çå¢ç¬è®°8 ç¬¬åç« ï¼äºï¼,http://seputu.com/biji8/461.html
çå¢ç¬è®°8å¤§ç»å±,[2012-5-23 18:49:36] çå¢ç¬è®°8 ç¬¬äºç« ï¼äºï¼,http://seputu.com/biji8/462.html
çå¢ç¬è®°8å¤§ç»å±,[2012-5-23 18:50:0] çå¢ç¬è®°8 ç¬¬äºç« ï¼ä¸ï¼,http://seputu.com/biji8/463.html
çå¢ç¬è®°8å¤§ç»å±,[2012-5-23 18:50:33] çå¢ç¬è®°8 ç¬¬å­ç« ï¼ä¸ï¼,http://seputu.com/biji8/464.html
çå¢ç¬è®°8å¤§ç»å±,[2012-5-23 18:50:58] çå¢ç¬è®°8 ç¬¬å­ç« ï¼äºï¼,http://seputu.com/biji8/465.html
çå¢ç¬è®°8å¤§ç»å±,[2012-5-23 18:52:36] çå¢ç¬è®°8 ç¬¬ä¸ç« ï¼ä¸ï¼,http://seputu.com/biji8/466.html
çå¢ç¬è®°8å¤§ç»å±,[2012-5-23 18:53:8] çå¢ç¬è®°8 ç¬¬ä¸ç« ï¼äºï¼,http://seputu.com/biji8/467.html
çå¢ç¬è®°8å¤§ç»å±,[2012-5-23 18:53:31] çå¢ç¬è®°8 ç¬¬å«ç« ï¼ä¸ï¼,http://seputu.com/biji8/468.html
çå¢ç¬è®°8å¤§ç»å±,[2012-5-23 18:58:22] çå¢ç¬è®°8 ç¬¬å«ç« ï¼äºï¼,http://seputu.com/biji8/469.html
çå¢ç¬è®°8å¤§ç»å±,[2012-5-23 18:59:31] çå¢ç¬è®°8 ç¬¬ä¹ç« ï¼ä¸ï¼,http://seputu.com/biji8/470.html
çå¢ç¬è®°8å¤§ç»å±,[2012-5-23 18:59:51] çå¢ç¬è®°8 ç¬¬ä¹ç« ï¼äºï¼,http://seputu.com/biji8/471.html
çå¢ç¬è®°8å¤§ç»å±,[2012-5-23 19:0:26] çå¢ç¬è®°8 ç¬¬åç« ï¼ä¸ï¼,http://seputu.com/biji8/472.html
çå¢ç¬è®°8å¤§ç»å±,[2012-5-23 19:0:52] çå¢ç¬è®°8 ç¬¬åç« ï¼äºï¼,http://seputu.com/biji8/473.html
çå¢ç¬è®°8å¤§ç»å±,[2012-5-23 19:1:19] çå¢ç¬è®°8 ç¬¬åä¸ç« ï¼ä¸ï¼,http://seputu.com/biji8/474.html
èæµ·è±å¨çº¿è¯è¯»,[2014-10-21 12:50:36] èæµ·è± ç¬¬ä¸ç«  èµ·æº,http://seputu.com/zanghaihua/591.html
èæµ·è±å¨çº¿è¯è¯»,[2014-10-21 12:50:43] èæµ·è± ç¬¬äºç«  ç¬¬ä¸ä»¶æªäºï¼ä¸ï¼,http://seputu.com/zanghaihua/592.html
èæµ·è±å¨çº¿è¯è¯»,[2014-10-21 12:50:50] èæµ·è± ç¬¬ä¸ç«  ç¬¬ä¸ä»¶æªäºï¼ä¸ï¼ ,http://seputu.com/zanghaihua/593.html
èæµ·è±å¨çº¿è¯è¯»,[2014-10-21 12:50:56] èæµ·è± ç¬¬åç«  ç¬¬äºä»¶æªäº,http://seputu.com/zanghaihua/594.html
èæµ·è±å¨çº¿è¯è¯»,[2014-10-21 12:51:3] èæµ·è± ç¬¬äºç«  è½®åçå¼ç«¯(1),http://seputu.com/zanghaihua/595.html
èæµ·è±å¨çº¿è¯è¯»,[2014-10-21 12:51:9] èæµ·è± ç¬¬äºç«  è½®åçå¼ç«¯(2) - çå¢ç¬è®°,http://seputu.com/zanghaihua/596.html
èæµ·è±å¨çº¿è¯è¯»,[2014-10-21 12:51:15] èæµ·è± ç¬¬å­ç«  å½è¿çéå¯(1) - çå¢ç¬è®°,http://seputu.com/zanghaihua/597.html
èæµ·è±å¨çº¿è¯è¯»,[2014-10-24 16:26:6] æä»ç¼çª ç¬¬ä¸ç«  å¤±è¸ª_çå¢ç¬è®°9å¨çº¿éè¯»_çå¢ç¬è®°å¨é,http://seputu.com/zanghaihua/704.html
èæµ·è±å¨çº¿è¯è¯»,[2014-10-24 16:26:37] æä»ç¼çª ç¬¬åäºç«  å¯è°_çå¢ç¬è®°9å¨çº¿éè¯»_çå¢ç¬è®°å¨é,http://seputu.com/zanghaihua/705.html
èæµ·è±å¨çº¿è¯è¯»,[2014-10-24 16:26:45] æä»ç¼çª ç¬¬åå­ç«  è¢­å»_çå¢ç¬è®°9å¨çº¿éè¯»_çå¢ç¬è®°å¨é,http://seputu.com/zanghaihua/706.html
èæµ·è±å¨çº¿è¯è¯»,[2014-10-24 16:36:20] æ å£°ä¹å ç¬¬ä¸ç«  ç¥å®_çå¢ç¬è®°9å¨çº¿éè¯»_çå¢ç¬è®°å¨é,http://seputu.com/zanghaihua/777.html
èæµ·è±å¨çº¿è¯è¯»,[2014-10-24 16:36:27] æ å£°ä¹å ç¬¬äºç«  åºé_çå¢ç¬è®°9å¨çº¿éè¯»_çå¢ç¬è®°å¨é,http://seputu.com/zanghaihua/778.html
èæµ·è±å¨çº¿è¯è¯»,[2014-10-24 16:36:36] æ å£°ä¹å ç¬¬äºç«  å¼ åå£«_çå¢ç¬è®°9å¨çº¿éè¯»_çå¢ç¬è®°å¨é,http://seputu.com/zanghaihua/779.html
èæµ·è±å¨çº¿è¯è¯»,[2014-10-24 16:49:3] å·«å±±å¦æ£º ç¬¬ä¸ç«  æ¥åºé©¼é_çå¢ç¬è®°9å¨çº¿éè¯»_çå¢ç¬è®°å¨é,http://seputu.com/zanghaihua/866.html
èæµ·è±å¨çº¿è¯è¯»,[2014-10-24 16:49:12] å·«å±±å¦æ£º ç¬¬äºç«  é¥å_çå¢ç¬è®°9å¨çº¿éè¯»_çå¢ç¬è®°å¨é,http://seputu.com/zanghaihua/867.html
èæµ·è±å¨çº¿è¯è¯»,[2014-10-24 16:49:20] å·«å±±å¦æ£º ç¬¬ä¸ç«  ææµæ¶å¨_çå¢ç¬è®°9å¨çº¿éè¯»_çå¢ç¬è®°å¨é,http://seputu.com/zanghaihua/868.html
èæµ·è±å¨çº¿è¯è¯»,[2014-10-24 16:49:28] å·«å±±å¦æ£º ç¬¬åç«  å¤æ¢ç¥å®(ä¸)_çå¢ç¬è®°9å¨çº¿éè¯»_çå¢ç¬è®°å¨é,http://seputu.com/zanghaihua/869.html
èæµ·è±å¨çº¿è¯è¯»,[2014-10-24 16:49:37] å·«å±±å¦æ£º ç¬¬äºç«  å¤æ¢ç¥å®(ä¸­)_çå¢ç¬è®°9å¨çº¿éè¯»_çå¢ç¬è®°å¨é,http://seputu.com/zanghaihua/870.html
èæµ·è±å¨çº¿è¯è¯»,[2014-10-24 17:1:37] çå¢ç¬è®°9å¤§ç»å± ç¬¬äºç« ,http://seputu.com/zanghaihua/948.html
çå¢ç¬è®° è´ºå²ç¯,[2012-5-23 20:48:33] åæ´¾ä¸å-åæ´¾ä¸åä½å,http://seputu.com/hesui/553.html
çå¢ç¬è®° è´ºå²ç¯,[2012-5-23 20:54:38] çå¢ç¬è®° è´ºå²ç¯ èµ·æº,http://seputu.com/hesui/554.html
çå¢ç¬è®° è´ºå²ç¯,[2012-5-23 20:55:48] çå¢ç¬è®° è´ºå²ç¯ æ£ºæ,http://seputu.com/hesui/555.html
çå¢ç¬è®° è´ºå²ç¯,[2012-5-23 20:56:23] çå¢ç¬è®° è´ºå²ç¯ å¾äº,http://seputu.com/hesui/556.html
çå¢ç¬è®° è´ºå²ç¯,[2012-5-23 20:56:51] çå¢ç¬è®° è´ºå²ç¯ ç§»æ£º,http://seputu.com/hesui/557.html
çå¢ç¬è®° è´ºå²ç¯,[2012-5-23 20:57:24] çå¢ç¬è®° è´ºå²ç¯ éè¯¯,http://seputu.com/hesui/558.html
çå¢ç¬è®° è´ºå²ç¯,[2012-5-23 20:57:57] çå¢ç¬è®° è´ºå²ç¯ å¼æ£º,http://seputu.com/hesui/559.html
çå¢ç¬è®° è´ºå²ç¯,[2012-5-23 20:58:23] çå¢ç¬è®° è´ºå²ç¯ ä¹¾å¤,http://seputu.com/hesui/560.html
çå¢ç¬è®° è´ºå²ç¯,[2012-5-23 20:58:54] çå¢ç¬è®° è´ºå²ç¯ éé¢,http://seputu.com/hesui/561.html
çå¢ç¬è®° è´ºå²ç¯,[2012-5-23 20:59:18] çå¢ç¬è®° è´ºå²ç¯ é»æ°´,http://seputu.com/hesui/562.html
çå¢ç¬è®° è´ºå²ç¯,[2012-5-23 20:59:43] çå¢ç¬è®° è´ºå²ç¯ æ·±æ¸,http://seputu.com/hesui/563.html
çå¢ç¬è®° è´ºå²ç¯,[2012-5-23 21:0:6] çå¢ç¬è®° è´ºå²ç¯ èºè³,http://seputu.com/hesui/564.html
çå¢ç¬è®° è´ºå²ç¯,[2012-5-23 21:0:33] çå¢ç¬è®° è´ºå²ç¯ åé,http://seputu.com/hesui/565.html
çå¢ç¬è®° è´ºå²ç¯,[2012-5-23 21:1:10] çå¢ç¬è®° è´ºå²ç¯ å°æºª,http://seputu.com/hesui/566.html
çå¢ç¬è®° è´ºå²ç¯,[2012-5-23 21:1:37] çå¢ç¬è®° è´ºå²ç¯ å½±å­,http://seputu.com/hesui/567.html
çå¢ç¬è®° è´ºå²ç¯,[2012-5-23 21:2:7] çå¢ç¬è®° è´ºå²ç¯ ææ,http://seputu.com/hesui/568.html
çå¢ç¬è®° è´ºå²ç¯,[2012-5-23 21:2:40] çå¢ç¬è®° è´ºå²ç¯ çª¥æ¢,http://seputu.com/hesui/569.html
çå¢ç¬è®° è´ºå²ç¯,[2012-5-23 21:4:3] çå¢ç¬è®° è´ºå²ç¯ äºå,http://seputu.com/hesui/570.html
çå¢ç¬è®° è´ºå²ç¯,[2012-5-23 21:4:37] çå¢ç¬è®° è´ºå²ç¯ é¿ç´,http://seputu.com/hesui/571.html
çå¢ç¬è®° è´ºå²ç¯,[2012-5-23 21:6:11] çå¢ç¬è®° è´ºå²ç¯ ä¼ è¯´,http://seputu.com/hesui/572.html
çå¢ç¬è®° è´ºå²ç¯,[2012-5-23 21:6:50] çå¢ç¬è®° è´ºå²ç¯ ç³ç°,http://seputu.com/hesui/573.html
çå¢ç¬è®° è´ºå²ç¯,[2012-5-23 21:7:29] çå¢ç¬è®° è´ºå²ç¯ æè°±,http://seputu.com/hesui/574.html
çå¢ç¬è®° è´ºå²ç¯,[2012-5-23 21:8:18] çå¢ç¬è®° è´ºå²ç¯ å®æ°,http://seputu.com/hesui/575.html
çå¢ç¬è®° è´ºå²ç¯,[2012-5-23 21:9:35] çå¢ç¬è®° è´ºå²ç¯ å¤§é¨,http://seputu.com/hesui/576.html
çå¢ç¬è®° è´ºå²ç¯,[2012-5-23 21:10:15] çå¢ç¬è®° è´ºå²ç¯ ç©ä½,http://seputu.com/hesui/577.html
çå¢ç¬è®° è´ºå²ç¯,[2012-5-23 21:11:56] çå¢ç¬è®° è´ºå²ç¯ æ­»äº¡,http://seputu.com/hesui/578.html
çå¢ç¬è®° è´ºå²ç¯,[2012-5-23 21:12:54] çå¢ç¬è®° è´ºå²ç¯ ç®ç,http://seputu.com/hesui/579.html
çå¢ç¬è®° è´ºå²ç¯,[2012-5-23 21:13:46] çå¢ç¬è®° è´ºå²ç¯ è®¾å±,http://seputu.com/hesui/580.html
çå¢ç¬è®° è´ºå²ç¯,[2012-5-23 21:14:15] çå¢ç¬è®° è´ºå²ç¯ çç©,http://seputu.com/hesui/581.html
çå¢ç¬è®° è´ºå²ç¯,[2012-5-23 21:14:42] çå¢ç¬è®° è´ºå²ç¯ çç¸,http://seputu.com/hesui/582.html
çå¢ç¬è®° è´ºå²ç¯,[2012-5-23 21:15:9] çå¢ç¬è®° è´ºå²ç¯ ç§å¯,http://seputu.com/hesui/583.html
çå¢ç¬è®° è´ºå²ç¯,[2012-5-23 21:15:35] çå¢ç¬è®° è´ºå²ç¯ å°¾å£°,http://seputu.com/hesui/584.html
çå¢ç¬è®° è´ºå²ç¯,[2012-5-23 21:16:9] çå¢ç¬è®° è´ºå²ç¯ åè®°,http://seputu.com/hesui/585.html
çå¢ç¬è®° è´ºå²ç¯,[2013-8-31 18:49:42] ãçå¢ç¬è®°ãçµè§å§å¯å¨ å´ç§æ³¢éå¤çå°åæ¼,http://seputu.com/hesui/586.html
çå¢ç¬è®° è´ºå²ç¯,[2013-8-31 18:51:28] çå¢ç¬è®°çµè§å§æ¥äºï¼è¡æ­æ¼ç·ä¸»è§,http://seputu.com/hesui/587.html
çå¢ç¬è®° è´ºå²ç¯,[2013-8-31 18:54:42] ãæç«çå¢é£ãçå¢ç¬è®°Xæç«æ°æé£Xç±æå®è´ED.,http://seputu.com/hesui/588.html
çå¢ç¬è®° è´ºå²ç¯,[2013-8-31 19:4:40] ãçå¢ç¬è®°ãå¸¦ä½ æ¢å¯»äºé¡¶å¤©å®«,http://seputu.com/hesui/589.html
çå¢ç¬è®° è´ºå²ç¯,[2013-8-31 19:10:18] ãçå¢ç¬è®°ãçµå½±çäººç©è¡¨,http://seputu.com/hesui/590.html
çå¢ç¬è®° è´ºå²ç¯,[2015-7-12 9:59:22] ãçå¢ç¬è®°ãä¸­çå®å­å¨ç27ä»¶å¥è©ç©,http://seputu.com/hesui/990.html
çå¢ç¬è®° è´ºå²ç¯,[2015-7-12 12:34:54] å¤ä»£äººçâçå¢ç¬è®°â,http://seputu.com/hesui/991.html
çå¢ç¬è®° è´ºå²ç¯,[2015-7-25 16:41:39] ãçå¢ç¬è®°ãçææ¸£http://seputu.com/ç§¦å²­ç¥æ ,http://seputu.com/hesui/992.html
çå¢ç¬è®° è´ºå²ç¯,[2015-12-31 18:26:5] çå¢ç¬è®°ï¼å¦ç±»ï¼.mp3,http://seputu.com/hesui/993.html
çå¢ç¬è®°éå¯,[2017-12-12 17:33:49] çå¢ç¬è®°éå¯  ç¬¬ä¸ç«  åäº¬å¨ç©æ,http://seputu.com/daomubijichongqi/994.html
çå¢ç¬è®°éå¯,[2017-12-12 19:12:59] çå¢ç¬è®°éå¯ Â·ç¬¬äºç«  åºå¼çæ°è±¡ç«,http://seputu.com/daomubijichongqi/996.html
çå¢ç¬è®°éå¯,[2017-12-12 19:14:39] çå¢ç¬è®°éå¯ ç¬¬ä¸ç«  ä¸åçå°¸ä½,http://seputu.com/daomubijichongqi/997.html
çå¢ç¬è®°éå¯,[2017-12-12 19:16:8] çå¢ç¬è®°éå¯  ç¬¬åç«  é·å£°,http://seputu.com/daomubijichongqi/998.html
çå¢ç¬è®°éå¯,[2017-12-14 15:53:37] çå¢ç¬è®°éå¯ ç¬¬äºç«  æ¨å¤§å¹¿,http://seputu.com/daomubijichongqi/999.html
çå¢ç¬è®°éå¯,[2017-12-14 15:57:8] çå¢ç¬è®°éå¯ ç¬¬å­ç«  å¬é·è,http://seputu.com/daomubijichongqi/1000.html
çå¢ç¬è®°éå¯,[2018-5-6 14:23:57]  çå¢ç¬è®°å¨é(å¨å»ºé¾çï¼ ï¼å¨é å±314éï¼,http://seputu.com/daomubijichongqi/1001.html
æ²æµ·,[2018-8-18 9:28:0] å¼å­ æ²æ¼ ä¸­é¤äºæ²è¿æä»ä¹,http://seputu.com/shahai/1002.html
æ²æµ·,[2018-8-18 10:32:36] å¼å­ èåº­,http://seputu.com/shahai/1003.html
æ²æµ·,[2018-8-18 11:20:7] å¼å­ ç§ç,http://seputu.com/shahai/1004.html
æ²æµ·,[2018-8-18 11:21:35] å¼å­ æ¦æ¶©ä¹å°,http://seputu.com/shahai/1005.html
æ²æµ·,[2018-8-18 11:22:22] ç¬¬ä¸ç« ,http://seputu.com/shahai/1006.html
æ²æµ·,[2018-8-18 11:23:44] ç¬¬äºç« ,http://seputu.com/shahai/1007.html
æ²æµ·,[2018-8-18 11:24:46] ç¬¬ä¸ç« ,http://seputu.com/shahai/1008.html
